sample_name	host_alias	host_breed	host_age_reported	host_age_years	host_sex	host_neutered	host_antibiotics_status	host_antibiotics_type	host_antibiotics_group	host_gastrointestinal_status	c_difficile_lab	c_difficile_toxigenic	c_difficile_ribotype	host_relevant_diagnosis_or_reason_for_visit	sample_number	sequence_id	year_data_received	organism	strain	collection_date	env_broad_scale	env_local_scale	env_medium	geo_loc_name	lat_lon	host	isol_growth_condt
CS1_EQ1	Equine	Oldenburg	NA	NA	Male	Yes	Non-treated	None reported	NA	Healthy	Negative	Negative	Negative	Fever and leukopenia - resolved	1	CS1-EQ1	2018	feces metagenome	not applicable	2016-12/2017-10	not applicable	not applicable	ENVO:00002003	USA:North Carolina:Raleigh	35.798 N 78.704 W	Equus	not applicable
CS2_CN1	Canine	West Highland White Terrier	NA	NA	Male	Yes	Treated	Metronidazole (prescribed 11/21 for five days)	Nitroimidazole	GI condition	Positive	Toxigenic	FP499	Lethargy and diarrhea - unexplained	2	CS2	2017	feces metagenome	not applicable	2016-12/2017-10	not applicable	not applicable	ENVO:00002003	USA:North Carolina:Raleigh	35.798 N 78.704 W	Canis lupus familiaris	not applicable
CS3_CN2	Canine	Bassett Hound	NA	NA	Male	Yes	Treated	Metronidazole (prescribed 11/1); Ampicillin (11/2?); Ofloxacin (OD, TID)	Nitroimidazole, β-Lactams, Quinolones	GI condition	Positive	Toxigenic	F106	Extensive: Chronic hyporexia, CKD, Inflammatory Bowel Disease	3	CS3	2017	feces metagenome	not applicable	2016-12/2017-10	not applicable	not applicable	ENVO:00002003	USA:North Carolina:Raleigh	35.798 N 78.704 W	Canis lupus familiaris	not applicable
CS5_CN4	Canine	Dachsund	NA	NA	Female	Yes	Non-treated	None reported	Non-treated	Healthy	Negative	Negative	Negative	Pancreatitis	5	CS5-CN4	2018	feces metagenome	not applicable	2016-12/2017-10	not applicable	not applicable	ENVO:00002003	USA:North Carolina:Raleigh	35.798 N 78.704 W	Canis lupus familiaris	not applicable
CS6_CN5	Canine	German Shepherd	NA	NA	Male	No	Non-treated	None reported	Non-treated	GI condition	Positive	Toxigenic	F106	Jejunal torsion	6	CS6	2017	feces metagenome	not applicable	2016-12/2017-10	not applicable	not applicable	ENVO:00002003	USA:North Carolina:Raleigh	35.798 N 78.704 W	Canis lupus familiaris	not applicable
CS7_EQ2	Equine	Arabian	NA	NA	Female	No	Treated	Polymyxin B (12/9?)	NA	Healthy	Negative	Negative	Negative	Fever and neutropenia	7	CS7	2017	feces metagenome	not applicable	2016-12/2017-10	not applicable	not applicable	ENVO:00002003	USA:North Carolina:Raleigh	35.798 N 78.704 W	Equus	not applicable
CS8_OV1	Ovine	NA	NA	NA	Male	No	Non-treated	NA	NA	Healthy	Negative	Negative	Negative	None Reported	8	CS8-OV1	2018	feces metagenome	not applicable	2016-12/2017-10	not applicable	not applicable	ENVO:00002003	USA:North Carolina:Raleigh	35.798 N 78.704 W	Ovis aries	not applicable
CS9_OV2	Ovine	NA	NA	NA	Male	No	Non-treated	NA	NA	Healthy	Negative	Negative	Negative	None Reported	9	CS9	2017	feces metagenome	not applicable	2016-12/2017-10	not applicable	not applicable	ENVO:00002003	USA:North Carolina:Raleigh	35.798 N 78.704 W	Ovis aries	not applicable
CS10_OV3	Ovine	NA	NA	NA	Male	No	Non-treated	NA	NA	Healthy	Negative	Negative	Negative	None Reported	10	CS10	2017	feces metagenome	not applicable	2016-12/2017-10	not applicable	not applicable	ENVO:00002003	USA:North Carolina:Raleigh	35.798 N 78.704 W	Ovis aries	not applicable
CS11_OV4	Ovine	NA	NA	NA	Male	No	Non-treated	NA	NA	Healthy	Negative	Negative	Negative	None Reported	11	CS11-OV4	2018	feces metagenome	not applicable	2016-12/2017-10	not applicable	not applicable	ENVO:00002003	USA:North Carolina:Raleigh	35.798 N 78.704 W	Ovis aries	not applicable
CS12_OV5	Ovine	NA	NA	NA	Male	No	Non-treated	NA	NA	Healthy	Negative	Negative	Negative	None Reported	12	CS12-OV5	2018	feces metagenome	not applicable	2016-12/2017-10	not applicable	not applicable	ENVO:00002003	USA:North Carolina:Raleigh	35.798 N 78.704 W	Ovis aries	not applicable
CS13_EQ3	Equine	Warmblood	NA	NA	Male	Yes	Treated	potassium penicillin and gentamicin (March 2016), Meropenem (4/5/16)	NA	Healthy	Negative	Negative	Negative	RF possible fracture	13	CS13	2017	feces metagenome	not applicable	2016-12/2017-10	not applicable	not applicable	ENVO:00002003	USA:North Carolina:Raleigh	35.798 N 78.704 W	Equus	not applicable
CS14_CN6	Canine	Chow Chow	NA	NA	Female	Yes	Non-treated	NA	Non-treated	Not known	Positive	Toxigenic	F014-020	NA	14	CS14	2017	feces metagenome	not applicable	2016-12/2017-10	not applicable	not applicable	ENVO:00002003	USA:North Carolina:Raleigh	35.798 N 78.704 W	Canis lupus familiaris	not applicable
CS15_CN7	Canine	Beagle	NA	NA	Male	Yes	Treated	doxycycline (12/14)	Tetracyclines	Healthy	Negative	Negative	Negative	cough nonresponsive to medication	15	CS15	2017	feces metagenome	not applicable	2016-12/2017-10	not applicable	not applicable	ENVO:00002003	USA:North Carolina:Raleigh	35.798 N 78.704 W	Canis lupus familiaris	not applicable
CS16_CN8	Canine	German Shepherd	NA	NA	Female	Yes	Treated	metronidazole (11/19-early Dec, 12/14)	Nitroimidazole	GI condition	Negative	Negative	Negative	chronic intermittent diarrhea with hematochezia and intermittent vomiting, intestinal dysbiosis	16	CS16	2017	feces metagenome	not applicable	2016-12/2017-10	not applicable	not applicable	ENVO:00002003	USA:North Carolina:Raleigh	35.798 N 78.704 W	Canis lupus familiaris	not applicable
CS17_EQ4	Equine	Paint Horse	NA	NA	Male	Yes	Treated	neo-poly-bac ointment (12/4), ceftiofur (12/16), gentamicin (12/16)	NA	Healthy	Negative	Negative	Negative	conjunctival hemangiosarcoma	17	CS17	2017	feces metagenome	not applicable	2016-12/2017-10	not applicable	not applicable	ENVO:00002003	USA:North Carolina:Raleigh	35.798 N 78.704 W	Equus	not applicable
CS18_CN8	Canine	Akita	NA	NA	Male	No	Treated	marbofloxacin (12/6)	Quinolones	Healthy	Negative	Negative	Negative	reduced appetite, failure to mature, congential malformations	18	CS18	2017	feces metagenome	not applicable	2016-12/2017-10	not applicable	not applicable	ENVO:00002003	USA:North Carolina:Raleigh	35.798 N 78.704 W	Canis lupus familiaris	not applicable
CS19_CN9	Canine	Boston Terrier	NA	NA	Male	Yes	Non-treated	NA	Non-treated	Healthy	Negative	Negative	Negative	chronic mild prolapsed rectum	19	CS19	2017	feces metagenome	not applicable	2016-12/2017-10	not applicable	not applicable	ENVO:00002003	USA:North Carolina:Raleigh	35.798 N 78.704 W	Canis lupus familiaris	not applicable
CS20_FL1	Feline	American Domestic Short Hair	NA	NA	Male	Yes	Treated	clavamox (12/11), marbofloxacin	NA	GI condition	Negative	Negative	Negative	vomiting and inappetence	20	CS20-FL1	2018	feces metagenome	not applicable	2016-12/2017-10	not applicable	not applicable	ENVO:00002003	USA:North Carolina:Raleigh	35.798 N 78.704 W	Felis catus	not applicable
CS21_CN10	Canine	Soft-Coated Wheaten Terrier	NA	NA	Male	No	Treated	amoxacillin and clindamycin (through 12/6), metronidazole (through 12/7)	β-Lactams, Lincosamides, Nitroimidazole	Healthy	Positive	Toxigenic	FP310	chronic cough and reverse sneeze	21	CS21	2017	feces metagenome	not applicable	2016-12/2017-10	not applicable	not applicable	ENVO:00002003	USA:North Carolina:Raleigh	35.798 N 78.704 W	Canis lupus familiaris	not applicable
CS22_CN11	Canine	English Springer Spaniel	NA	NA	Male	Yes	Non-treated	None reported	Non-treated	Healthy	Negative	Negative	Negative	left sided epistaxis	22	CS22	2017	feces metagenome	not applicable	2016-12/2017-10	not applicable	not applicable	ENVO:00002003	USA:North Carolina:Raleigh	35.798 N 78.704 W	Canis lupus familiaris	not applicable
CS23_EQ5	Equine	Paint Horse	NA	NA	Male	Yes	Treated	polymixin B (12/17-12/20), ceftiofur (12/17), metronidazole (12/21)	NA	Healthy	Negative	Negative	Negative	stromal abscess	23	CS23-EQ5	2018	feces metagenome	not applicable	2016-12/2017-10	not applicable	not applicable	ENVO:00002003	USA:North Carolina:Raleigh	35.798 N 78.704 W	Equus	not applicable
CS24_CN12	Canine	Soft-Coated Wheaten Terrier	NA	NA	Male	No	Treated	amoxacillin and clindamycin (through 12/6), metronidazole (through 12/7)	β-Lactams, Lincosamides, Nitroimidazole	Healthy	Positive	Toxigenic	F106	chronic cough and reverse sneeze	24	CS24	2017	feces metagenome	not applicable	2016-12/2017-10	not applicable	not applicable	ENVO:00002003	USA:North Carolina:Raleigh	35.798 N 78.704 W	Canis lupus familiaris	not applicable
CS25_AL1	Alpaca	NA	NA	NA	Male	No	Non-treated	None reported	NA	GI condition	Negative	Negative	Negative	C1 impaction and parasitism	25	CS25	2017	feces metagenome	not applicable	2016-12/2017-10	not applicable	not applicable	ENVO:00002003	USA:North Carolina:Raleigh	35.798 N 78.704 W	Vicugna pacos	not applicable
CS27_CN13	Canine	Australian Shepherd	NA	NA	Male	Yes	Non-treated	None reported	Non-treated	Healthy	Negative	Negative	Negative	chronic paroxysmal coughing	27	CS27	2017	feces metagenome	not applicable	2016-12/2017-10	not applicable	not applicable	ENVO:00002003	USA:North Carolina:Raleigh	35.798 N 78.704 W	Canis lupus familiaris	not applicable
CS28_CN14	Canine	Rat Terrier	NA	NA	Female	Yes	Treated	doxycycline (12/30)	Tetracyclines	Healthy	Positive	Toxigenic	FP313	cardiomegaly, history of congestive heart failure	28	CS28	2017	feces metagenome	not applicable	2016-12/2017-10	not applicable	not applicable	ENVO:00002003	USA:North Carolina:Raleigh	35.798 N 78.704 W	Canis lupus familiaris	not applicable
CS29_CN15	Canine	Dachsund	NA	NA	Male	Yes	Non-treated	None reported	Non-treated	Healthy	Negative	Negative	Negative	hematochezia	29	CS29	2017	feces metagenome	not applicable	2016-12/2017-10	not applicable	not applicable	ENVO:00002003	USA:North Carolina:Raleigh	35.798 N 78.704 W	Canis lupus familiaris	not applicable
CS30_CN17	Canine	Siberian Husky	NA	NA	Male	No	Non-treated	None reported	Non-treated	Healthy	Negative	Negative	Negative	recheck CBC, chem, and exam	30	CS30-CN17	2018	feces metagenome	not applicable	2016-12/2017-10	not applicable	not applicable	ENVO:00002003	USA:North Carolina:Raleigh	35.798 N 78.704 W	Canis lupus familiaris	not applicable
CS31_CN18	Canine	Jack Russel Terrier	NA	NA	Male	Yes	Non-treated	None reported	Non-treated	GI condition	Negative	Negative	Negative	cecal gastrointestinal stromal tumor resection follow-up	31	CS31-CN18	2018	feces metagenome	not applicable	2016-12/2017-10	not applicable	not applicable	ENVO:00002003	USA:North Carolina:Raleigh	35.798 N 78.704 W	Canis lupus familiaris	not applicable
CS32_CN19	Canine	German Shepherd	NA	NA	Female	Yes	Treated	metronidazole (11/27, 10 days)	Nitroimidazole	GI condition	Negative	Negative	Negative	chronic diarrhea and weight loss, possible exocrine pancreatic insufficiency	32	CS32-CN19	2018	feces metagenome	not applicable	2016-12/2017-10	not applicable	not applicable	ENVO:00002003	USA:North Carolina:Raleigh	35.798 N 78.704 W	Canis lupus familiaris	not applicable
CS33_CN20	Canine	Labrador Retriever	NA	NA	Female	Yes	Treated	doxycycline (12/27, 1/9-1/11)	Tetracyclines	Healthy	Negative	Negative	Negative	chronic cough and possible right cervical mass	33	CS33-CN20	2018	feces metagenome	not applicable	2016-12/2017-10	not applicable	not applicable	ENVO:00002003	USA:North Carolina:Raleigh	35.798 N 78.704 W	Canis lupus familiaris	not applicable
CS34_CN21	Canine	Poodle-Toy	NA	NA	Female	Yes	Treated	neopolydex (12/1), minocycline (through 1/13), metronidazole (1/14)	Tetracyclines, Nitroimidazole	Healthy	Negative	Negative	Negative	hyporexia, azotemia, proteinuria	34	CS34-CN21	2018	feces metagenome	not applicable	2016-12/2017-10	not applicable	not applicable	ENVO:00002003	USA:North Carolina:Raleigh	35.798 N 78.704 W	Canis lupus familiaris	not applicable
CS35_EQ6	Equine	Quarter Horse	NA	NA	Female	No	Treated	penicillin (1/9, 72 hours), gentamicin (1/9, 72 hours)	NA	GI condition	Positive	Toxigenic	014-020	colic	35	CS35-EQ6	2018	feces metagenome	not applicable	2016-12/2017-10	not applicable	not applicable	ENVO:00002003	USA:North Carolina:Raleigh	35.798 N 78.704 W	Equus	not applicable
CS36_EQ7	Equine	Westphalian	NA	NA	Male	Yes	Treated	broad spectrum antibiotics (1/14), enrofloxacin	NA	GI condition	Negative	Negative	Negative	colic	36	CS36-EQ7	2018	feces metagenome	not applicable	2016-12/2017-10	not applicable	not applicable	ENVO:00002003	USA:North Carolina:Raleigh	35.798 N 78.704 W	Equus	not applicable
CS37_FL2	Feline	American Domestic Short Hair	NA	NA	Male	Yes	Treated	albon (through late Dec), metronidazole (~12/30-1/7), amoxicillin (~12/30)	NA	GI condition	Negative	Negative	Negative	chronic diarrea and vomiting, small cell gastrointestinal lymphoma	37	CS37-FL2	2018	feces metagenome	not applicable	2016-12/2017-10	not applicable	not applicable	ENVO:00002003	USA:North Carolina:Raleigh	35.798 N 78.704 W	Felis catus	not applicable
CS38_CN22	Canine	English Springer Spaniel	NA	NA	Male	No	Treated	ciprofloxacin (11/16, 2 weeks), clavamox (12/26, 4 days), metronidazole (12/26,7 days)	Quinolones, β-Lactams, Nitroimidazole	GI condition	Negative	Negative	Negative	diarrhea, vomiting, hyporexia	38	CS38-CN22	2018	feces metagenome	not applicable	2016-12/2017-10	not applicable	not applicable	ENVO:00002003	USA:North Carolina:Raleigh	35.798 N 78.704 W	Canis lupus familiaris	not applicable
CS39_EQ8	Equine	Welsh Pony/Cob	NA	NA	Male	Yes	Treated	metronidazole (1/19), ceftiofur (1/20), gentamicin (1/20), k-penicillin (1/20), enrofloxacin (1/20), polymyxin B (1/20, 3 doses), antibiotics discontinued 1/26	NA	GI condition	Negative	Negative	Negative	colitis	39	CS39-EQ8	2018	feces metagenome	not applicable	2016-12/2017-10	not applicable	not applicable	ENVO:00002003	USA:North Carolina:Raleigh	35.798 N 78.704 W	Equus	not applicable
CS40_CN23	Canine	Beagle	NA	NA	Female	Yes	Non-treated	None reported	Non-treated	Healthy	Negative	Negative	Negative	one year history of sneezing, nasal worm infection	40	CS40-CN23	2018	feces metagenome	not applicable	2016-12/2017-10	not applicable	not applicable	ENVO:00002003	USA:North Carolina:Raleigh	35.798 N 78.704 W	Canis lupus familiaris	not applicable
CS41_EQ9	Equine	Dutch Warmblood	NA	NA	Female	No	Treated	1/24-1/29:polymyxin B, k-penicillin, gentamicin, metronidazole(through 2/1); 1/29: ceftifur IM	NA	GI condition	Negative	Negative	Negative	colic	41	CS41-EQ9	2018	feces metagenome	not applicable	2016-12/2017-10	not applicable	not applicable	ENVO:00002003	USA:North Carolina:Raleigh	35.798 N 78.704 W	Equus	not applicable
CS42_EQ10	Equine	Warmblood	NA	NA	Male	Yes	Treated	neo-poly-dex (through 1/20)	NA	Healthy	Negative	Negative	Negative	colic, eye recheck for chronic keratitis	42	CS42-EQ10	2018	feces metagenome	not applicable	2016-12/2017-10	not applicable	not applicable	ENVO:00002003	USA:North Carolina:Raleigh	35.798 N 78.704 W	Equus	not applicable
CS43_CN24	Canine	Hound	NA	NA	Female	Yes	Treated	clavamox, enrofloxacin	β-Lactams, Quinolones	GI condition	Negative	Negative	Negative	fever, chronic history of diarrhea	43	CS43-CN24	2018	feces metagenome	not applicable	2016-12/2017-10	not applicable	not applicable	ENVO:00002003	USA:North Carolina:Raleigh	35.798 N 78.704 W	Canis lupus familiaris	not applicable
CS44_CN25	Canine	English Springer Spaniel	NA	NA	Male	Yes	Non-treated	None reported	Non-treated	Healthy	Negative	Negative	Negative	chronic progressive anemia, liver dysfunction, cough; intrahepatic portosystemic shunt	44	CS44-CN25	2018	feces metagenome	not applicable	2016-12/2017-10	not applicable	not applicable	ENVO:00002003	USA:North Carolina:Raleigh	35.798 N 78.704 W	Canis lupus familiaris	not applicable
CS45_FL3	Feline	Domestic Shorthair	NA	NA	Female	Yes	Non-treated	None reported	NA	Healthy	Positive	Toxigenic	FP501	recheck of persistently elevated ALT	45	CS45-FL3	2018	feces metagenome	not applicable	2016-12/2017-10	not applicable	not applicable	ENVO:00002003	USA:North Carolina:Raleigh	35.798 N 78.704 W	Felis catus	not applicable
CS46_AV1	Avian	Chicken	NA	NA	Female	No	Non-treated	None reported	NA	Healthy	Negative	Negative	Negative	persistently elevated liver enzymes	46	CS46-AV1	2018	feces metagenome	not applicable	2016-12/2017-10	not applicable	not applicable	ENVO:00002003	USA:North Carolina:Raleigh	35.798 N 78.704 W	Gallus gallus	not applicable
CS47_CN26	Canine	Keeshond	NA	NA	Female	Yes	Non-treated	None reported	Non-treated	Healthy	Negative	Negative	Negative	chronically elevated liver enzymes	47	CS47-CN26	2018	feces metagenome	not applicable	2016-12/2017-10	not applicable	not applicable	ENVO:00002003	USA:North Carolina:Raleigh	35.798 N 78.704 W	Canis lupus familiaris	not applicable
CS48_EQ11	Equine	Thoroughbred	NA	NA	Male	No	Non-treated	None reported	NA	Healthy	Negative	Negative	Negative	inguinal hernia repair and castration	48	CS48-EQ11	2018	feces metagenome	not applicable	2016-12/2017-10	not applicable	not applicable	ENVO:00002003	USA:North Carolina:Raleigh	35.798 N 78.704 W	Equus	not applicable
CS49_CN27	Canine	Golden Retriever	NA	NA	Male	Yes	Treated	metronidazole (1/30), clavamox (1/31)	Nitroimidazole, β-Lactams	Healthy	Negative	Negative	Negative	lethargy, anorexia, and weakness; heart mass with large clot attached, 3rd degree AV block	49	CS49-CN27	2018	feces metagenome	not applicable	2016-12/2017-10	not applicable	not applicable	ENVO:00002003	USA:North Carolina:Raleigh	35.798 N 78.704 W	Canis lupus familiaris	not applicable
CS50_FL4	Feline	Siamese	NA	NA	Female	Yes	Treated	azithromycin (2/1)	NA	Healthy	Negative	Negative	Negative	upper respiratory signs, anorexia	50	CS50-FL4	2018	feces metagenome	not applicable	2016-12/2017-10	not applicable	not applicable	ENVO:00002003	USA:North Carolina:Raleigh	35.798 N 78.704 W	Felis catus	not applicable
CS51_CN28	Canine	Yorkshire Terrier	8 years	8	Female	Yes	Non-treated	none reported	Non-treated	GI condition	Positive	Toxigenic	FP418	lethargy, abdominal distension; diagnosis:  lymphangiectasia and IBD	51	CS51-CN28	2018	feces metagenome	not applicable	2016-12/2017-10	not applicable	not applicable	ENVO:00002003	USA:North Carolina:Raleigh	35.798 N 78.704 W	Canis lupus familiaris	not applicable
CS52_CN29	Canine	Bichon Frise	5 years	5	Male	Yes	Non-treated	none reported	Non-treated	GI condition	Negative	Negative	Negative	vomiting; diagnosis; High grade stage IVb lymphoma	52	CS52-CN29	2018	feces metagenome	not applicable	2016-12/2017-10	not applicable	not applicable	ENVO:00002003	USA:North Carolina:Raleigh	35.798 N 78.704 W	Canis lupus familiaris	not applicable
CS53_EQ12	Equine	Quarter Horse	17 years	17	Male	Yes	Treated	broad spectrum antibiotics	NA	GI condition	Negative	Negative	Negative	colic; diagnosis: Marked sand enterocolonopathy & Grade III Equine Squamous Gastric Disease	53	CS53-EQ12	2018	feces metagenome	not applicable	2016-12/2017-10	not applicable	not applicable	ENVO:00002003	USA:North Carolina:Raleigh	35.798 N 78.704 W	Equus	not applicable
CS54_CN30	Canine	Vizsla	8 years	8	Female	Yes	Treated	doxycycline & amoxicillin	Tetracyclines, β-Lactams	Healthy	Negative	Negative	Negative	sneezing and rhinitis; diagnosis;suspected fungal infection	54	CS54-CN30	2018	feces metagenome	not applicable	2016-12/2017-10	not applicable	not applicable	ENVO:00002003	USA:North Carolina:Raleigh	35.798 N 78.704 W	Canis lupus familiaris	not applicable
CS55_CN31	Canine	Cavalier King Charles Spaniel	6 years	6	Male	Yes	Treated	Metronidazole	Nitroimidazole	GI condition	Negative	Negative	Negative	abdominal distension ;diagnosis : protein losing enteropathy	55	CS55-CN31	2018	feces metagenome	not applicable	2016-12/2017-10	not applicable	not applicable	ENVO:00002003	USA:North Carolina:Raleigh	35.798 N 78.704 W	Canis lupus familiaris	not applicable
CS56_CN32	Canine	French Bulldog	12 years	12	Female	Yes	Non-treated	none reported	Non-treated	Healthy	Negative	Negative	Negative	skin lesions	56	CS56-CN32	2018	feces metagenome	not applicable	2016-12/2017-10	not applicable	not applicable	ENVO:00002003	USA:North Carolina:Raleigh	35.798 N 78.704 W	Canis lupus familiaris	not applicable
CS57_EQ13	Equine	West Phalian	8 years	8	Male	Yes	Treated	broad spectrum antibiotics	NA	GI condition	Negative	Negative	Negative	colic; diagnosis: Type II Cecal dysmotility, Salmonella Enterocolitis	57	CS57-EQ13	2018	feces metagenome	not applicable	2016-12/2017-10	not applicable	not applicable	ENVO:00002003	USA:North Carolina:Raleigh	35.798 N 78.704 W	Equus	not applicable
CS58_CN33	Canine	Belgian Sheepdog	15 years	15	Female	Yes	Treated	amoxicillin	β-Lactams	Healthy	Negative	Negative	Negative	Pancreatitis and Peritonitis	58	CS58-CN33	2018	feces metagenome	not applicable	2016-12/2017-10	not applicable	not applicable	ENVO:00002003	USA:North Carolina:Raleigh	35.798 N 78.704 W	Canis lupus familiaris	not applicable
CS59_CN34	Canine	Labrador Retriever	11 years	11	Female	Yes	Treated	cefpodoxine	β-Lactams	Healthy	Positive	Toxigenic	F106	urinary tract infection symptoms; diagnosis:	59	CS59-CN34	2018	feces metagenome	not applicable	2016-12/2017-10	not applicable	not applicable	ENVO:00002003	USA:North Carolina:Raleigh	35.798 N 78.704 W	Canis lupus familiaris	not applicable
CS60_EQ14	Equine	Holsteiner	15 years	15	Male	Yes	Treated	broad spectrum antibiotics, trimethoprim-sulfamethoxazole, enrofloxacin	NA	GI condition	Negative	Negative	Negative	colic diagnois; e.coli and staphylococcus	60	CS60-EQ14	2018	feces metagenome	not applicable	2016-12/2017-10	not applicable	not applicable	ENVO:00002003	USA:North Carolina:Raleigh	35.798 N 78.704 W	Equus	not applicable
CS61_CN35	Canine	Yorkshire Terrier	5 years	5	Male	Yes	Treated	doxycycline	Tetracyclines	GI condition	Negative	Negative	Negative	abdominal distension	61	CS61-CN35	2018	feces metagenome	not applicable	2016-12/2017-10	not applicable	not applicable	ENVO:00002003	USA:North Carolina:Raleigh	35.798 N 78.704 W	Canis lupus familiaris	not applicable
CS62_FL5	Feline	Domestic Shorthair	9 months	0.75	Male	Yes	Treated	Metronidazole & Clavamox	NA	Healthy	Negative	Negative	Negative	flea infestation, tapeworm, UTI	62	CS62-FL5	2018	feces metagenome	not applicable	2016-12/2017-10	not applicable	not applicable	ENVO:00002003	USA:North Carolina:Raleigh	35.798 N 78.704 W	Felis catus	not applicable
CS63_CN36	Canine	Yorkshire Terrier	12 years	12	Male	Yes	Non-treated	none reported	Non-treated	GI condition	Negative	Negative	Negative	cough and bad hearing/eyesite diagnosis; Atypical Addisons, Pancreatitis, IBD	63	CS63-CN36	2018	feces metagenome	not applicable	2016-12/2017-10	not applicable	not applicable	ENVO:00002003	USA:North Carolina:Raleigh	35.798 N 78.704 W	Canis lupus familiaris	not applicable
CS64_CN37	Canine	Labrador Retriever	10 years	10	Male	No	Treated	Doxycycline	Tetracyclines	Healthy	Positive	Toxigenic	F014-020	History of coughing, nasal discharge and increased respiratory effort; diagnosis: Bronchopneumonia	64	CS64-CN37	2018	feces metagenome	not applicable	2016-12/2017-10	not applicable	not applicable	ENVO:00002003	USA:North Carolina:Raleigh	35.798 N 78.704 W	Canis lupus familiaris	not applicable
CS65_CN38	Canine	Labrador Retriever	13 years	13	Male	Yes	Treated	Metronidazole	Nitroimidazole	GI condition	Negative	Negative	Negative	diarrhea	65	CS65-CN38	2018	feces metagenome	not applicable	2016-12/2017-10	not applicable	not applicable	ENVO:00002003	USA:North Carolina:Raleigh	35.798 N 78.704 W	Canis lupus familiaris	not applicable
CS66_EQ15	Equine	Belgian	5 years	5	Female	No	Treated	broad spectrum antibiotics	NA	GI condition	Negative	Negative	Negative	Equine Enteric Coronavirus	66	CS66-EQ15	2018	feces metagenome	not applicable	2016-12/2017-10	not applicable	not applicable	ENVO:00002003	USA:North Carolina:Raleigh	35.798 N 78.704 W	Equus	not applicable
CS67_CN39	Canine	Beagle	NA	NA	Female	Yes	Treated	unasyn	β-Lactams	GI condition	Positive	Toxigenic	FP310	abdominal distension; diagnosis; intestinal leiomyositis	67	CS67-CN39	2018	feces metagenome	not applicable	2016-12/2017-10	not applicable	not applicable	ENVO:00002003	USA:North Carolina:Raleigh	35.798 N 78.704 W	Canis lupus familiaris	not applicable
CS68_CN40	Canine	Rat Terrier	6 years	6	Male	Yes	Treated	Mertronidazole  & amoxicillin & marbofloxacin & tylosin	Nitroimidazole, β-Lactams, Quinolones,	GI condition	Positive	Toxigenic	F014-020	vomiting and diarrhea	68	CS68-CN40	2018	feces metagenome	not applicable	2016-12/2017-10	not applicable	not applicable	ENVO:00002003	USA:North Carolina:Raleigh	35.798 N 78.704 W	Canis lupus familiaris	not applicable
CS69_CN41	Canine	Golden Retriever	4 years	4	Male	Yes	Treated	Doxycycline	Tetracyclines	Healthy	Negative	Negative	Negative	sneezing and increased difficulty breathing through nose; diagnosis:  Bilateral serous nasal discharge	69	CS69-CN41	2018	feces metagenome	not applicable	2016-12/2017-10	not applicable	not applicable	ENVO:00002003	USA:North Carolina:Raleigh	35.798 N 78.704 W	Canis lupus familiaris	not applicable
CS70_CN42	Canine	Cane Corso Dog	3 years	3	Female	No	Treated	Tylosin	Macrolide	Healthy	Positive	Non-toxigenic	FP484	ongoing radiation therapy	70	CS70-CN42	2018	feces metagenome	not applicable	2016-12/2017-10	not applicable	not applicable	ENVO:00002003	USA:North Carolina:Raleigh	35.798 N 78.704 W	Canis lupus familiaris	not applicable
CS71_CN43	Canine	Labrador Retriever	13 years	13	Female	Yes	Non-treated	none reported	Non-treated	Healthy	Negative	Negative	Negative	Left pelvic limb pain	71	CS71-CN43	2018	feces metagenome	not applicable	2016-12/2017-10	not applicable	not applicable	ENVO:00002003	USA:North Carolina:Raleigh	35.798 N 78.704 W	Canis lupus familiaris	not applicable
CS72_CN44	Canine	Dachshund Long Haired	7 years	7	Female	Yes	Non-treated	none reported	Non-treated	GI condition	Negative	Negative	Negative	chronic diarrhea	72	CS72-CN44	2018	feces metagenome	not applicable	2016-12/2017-10	not applicable	not applicable	ENVO:00002003	USA:North Carolina:Raleigh	35.798 N 78.704 W	Canis lupus familiaris	not applicable
CS73_FL6	Feline	Domestic Shorthair	7 years	7	Female	Yes	Treated	unknown type of antibiotic	NA	GI condition	Negative	Negative	Negative	FIV positive, vomiting; diagnosis : demodex mites	73	CS73-FL6	2018	feces metagenome	not applicable	2016-12/2017-10	not applicable	not applicable	ENVO:00002003	USA:North Carolina:Raleigh	35.798 N 78.704 W	Felis catus	not applicable
CS74_CN45	Canine	Maltese	8 years	8	Male	Yes	Treated	Mertronidazole	Nitroimidazole	GI condition	Positive	Toxigenic	F106	vomiting and diarrhea	74	CS74-CN45	2018	feces metagenome	not applicable	2016-12/2017-10	not applicable	not applicable	ENVO:00002003	USA:North Carolina:Raleigh	35.798 N 78.704 W	Canis lupus familiaris	not applicable
CS75_EQ16	Equine	Quarter Horse	10 years	10	Female	No	Treated	antibiotics for colic	NA	GI condition	Negative	Negative	Negative	Colic and urticaria	75	CS75-EQ16	2018	feces metagenome	not applicable	2016-12/2017-10	not applicable	not applicable	ENVO:00002003	USA:North Carolina:Raleigh	35.798 N 78.704 W	Equus	not applicable
CS76_CN46	Canine	Mixed Breed Dog	8 years	8	Female	Yes	Non-treated	none reported	Non-treated	Healthy	Positive	Toxigenic	FP415	Hind leg paraparesis ; diagnosis:intervertebral disc disease	76	CS76-CN46	2018	feces metagenome	not applicable	2016-12/2017-10	not applicable	not applicable	ENVO:00002003	USA:North Carolina:Raleigh	35.798 N 78.704 W	Canis lupus familiaris	not applicable
CS77_CN47	Canine	Jack Russel Terrier	8 years	8	Male	Yes	Treated	Enrofloxacin & Amoxicillin	Quinolones, β-Lactams	Healthy	Positive	Toxigenic	Not in database	gastric foreign material	77	CS77-CN47	2018	feces metagenome	not applicable	2016-12/2017-10	not applicable	not applicable	ENVO:00002003	USA:North Carolina:Raleigh	35.798 N 78.704 W	Canis lupus familiaris	not applicable
CS78_CN48	Canine	Siberian Husky	5 years	5	Male	Yes	Non-treated	none reported	Non-treated	Healthy	Negative	Negative	Negative	enrollment in the Joint Supplement Clinical Trial as a control dog	78	CS78-CN48	2018	feces metagenome	not applicable	2016-12/2017-10	not applicable	not applicable	ENVO:00002003	USA:North Carolina:Raleigh	35.798 N 78.704 W	Canis lupus familiaris	not applicable
CS79_CN49	Canine	Doberman Pinscher	7 years	7	Male	No	Non-treated	none reported	Non-treated	Healthy	Negative	Negative	Negative	tetraparesis	79	CS79-CN49	2018	feces metagenome	not applicable	2016-12/2017-10	not applicable	not applicable	ENVO:00002003	USA:North Carolina:Raleigh	35.798 N 78.704 W	Canis lupus familiaris	not applicable
CS80_CN50	Canine	Golden Retriever	2 years	2	Male	No	Non-treated	none reported	Non-treated	Healthy	Negative	Negative	Negative	gulping episodes	80	CS80-CN50	2018	feces metagenome	not applicable	2016-12/2017-10	not applicable	not applicable	ENVO:00002003	USA:North Carolina:Raleigh	35.798 N 78.704 W	Canis lupus familiaris	not applicable
CS81_CN51	Canine	Jack Russel Terrier	8 years	8	Male	Yes	Treated	Clavamox & Enrofloxacin	β-Lactams, Quinolones	Healthy	Positive	Toxigenic	F014-020	gastric foreign material	81	CS81-CN51	2018	feces metagenome	not applicable	2016-12/2017-10	not applicable	not applicable	ENVO:00002003	USA:North Carolina:Raleigh	35.798 N 78.704 W	Canis lupus familiaris	not applicable
CS82_CN52	Canine	German Shepard	2 years	2	Male	Yes	Treated	Tylosin & metronidazole	Macrolide, Nitroimidazole	GI condition	Negative	Negative	Negative	IBD, soft stool	82	CS82-CN52	2018	feces metagenome	not applicable	2016-12/2017-10	not applicable	not applicable	ENVO:00002003	USA:North Carolina:Raleigh	35.798 N 78.704 W	Canis lupus familiaris	not applicable
CS83_EQ17	Equine	Quarter Horse	10 years	10	Female	No	Treated	excede	NA	GI condition	Negative	Negative	Negative	colic ; diagnosis; Klebsiella pneumonia	83	CS83-EQ17	2018	feces metagenome	not applicable	2016-12/2017-10	not applicable	not applicable	ENVO:00002003	USA:North Carolina:Raleigh	35.798 N 78.704 W	Equus	not applicable
CS84_EQ18	Equine	Arabian	13 years	13	Male	No	Non-treated	none reported	NA	GI condition	Negative	Negative	Negative	colic; diagnosis ; Equine Glandular Gastric Disease: grade II/IV	84	CS84-EQ18	2018	feces metagenome	not applicable	2016-12/2017-10	not applicable	not applicable	ENVO:00002003	USA:North Carolina:Raleigh	35.798 N 78.704 W	Equus	not applicable
CS85_EQ19	Equine	Appaloosa	22 years	22	Male	Yes	Non-treated	none reported	NA	Healthy	Negative	Negative	Negative	diagnosis; glaucoma	85	CS85-EQ19	2018	feces metagenome	not applicable	2016-12/2017-10	not applicable	not applicable	ENVO:00002003	USA:North Carolina:Raleigh	35.798 N 78.704 W	Equus	not applicable
CS86_EQ20	Equine	Quarter Horse	10 years	10	Female	No	Treated	metronidazole & Excede & Enrofloxacin	NA	GI condition	Negative	Negative	Negative	colic	86	CS86-EQ20	2018	feces metagenome	not applicable	2016-12/2017-10	not applicable	not applicable	ENVO:00002003	USA:North Carolina:Raleigh	35.798 N 78.704 W	Equus	not applicable
CS87_EQ21	Equine	NA	NA	NA	not collected	Not known	Not known	No discharge available	NA	Healthy	Negative	Negative	Negative	Routine wellness exam	87	CS87-EQ21	2018	feces metagenome	not applicable	2016-12/2017-10	not applicable	not applicable	ENVO:00002003	USA:North Carolina:Raleigh	35.798 N 78.704 W	Equus	not applicable
CS88_EQ22	Equine	NA	NA	NA	not collected	Not known	Not known	No discharge available	NA	Healthy	Negative	Negative	Negative	Routine wellness exam	88	CS88-EQ22	2018	feces metagenome	not applicable	2016-12/2017-10	not applicable	not applicable	ENVO:00002003	USA:North Carolina:Raleigh	35.798 N 78.704 W	Equus	not applicable
CS89_EQ23	Equine	NA	NA	NA	not collected	Not known	Not known	No discharge available	NA	Healthy	Negative	Negative	Negative	Routine wellness exam	89	CS89-EQ23	2018	feces metagenome	not applicable	2016-12/2017-10	not applicable	not applicable	ENVO:00002003	USA:North Carolina:Raleigh	35.798 N 78.704 W	Equus	not applicable
CS90_EQ24	Equine	NA	NA	NA	not collected	Not known	Not known	No discharge available	NA	Healthy	Negative	Negative	Negative	Routine wellness exam	90	CS90-EQ24	2018	feces metagenome	not applicable	2016-12/2017-10	not applicable	not applicable	ENVO:00002003	USA:North Carolina:Raleigh	35.798 N 78.704 W	Equus	not applicable
CS91_EQ25	Equine	Thoroughbred	8 years	8	Female	No	Treated	gentamicin	NA	GI condition	Negative	Negative	Negative	diarrhea and fever	91	CS91-EQ25	2018	feces metagenome	not applicable	2016-12/2017-10	not applicable	not applicable	ENVO:00002003	USA:North Carolina:Raleigh	35.798 N 78.704 W	Equus	not applicable
CS92_CN53	Canine	Doberman Pinscher	6 years	6	Male	Yes	Treated	Metronidazole	Nitroimidazole	GI condition	Negative	Negative	Negative	chronic diarrhea	92	CS92-CN53	2018	feces metagenome	not applicable	2016-12/2017-10	not applicable	not applicable	ENVO:00002003	USA:North Carolina:Raleigh	35.798 N 78.704 W	Canis lupus familiaris	not applicable
CS93_CN54	Canine	Dachshund	13 years	13	Male	Yes	Non-treated	none reported	Non-treated	GI condition	Negative	Negative	Negative	intestinal distension; diagnosis; Coccidiosis	93	CS93-CN54	2018	feces metagenome	not applicable	2016-12/2017-10	not applicable	not applicable	ENVO:00002003	USA:North Carolina:Raleigh	35.798 N 78.704 W	Canis lupus familiaris	not applicable
CS94_EQ26	Equine	Quarter Horse	10 years	10	Female	No	Treated	enrofloxacin, metronidazole, and Excede	NA	GI condition	Negative	Negative	Negative	colic	94	CS94-EQ26	2018	feces metagenome	not applicable	2016-12/2017-10	not applicable	not applicable	ENVO:00002003	USA:North Carolina:Raleigh	35.798 N 78.704 W	Equus	not applicable
CS95_CN55	Canine	Border Collie	9 months	0.75	Male	Yes	Treated	Cefpodoxime, Azithromyocin, Unasyn, Enrofloxacin	β-Lactams, Macrolide, β-Lactams, Quinolones	Healthy	Negative	Negative	Negative	evaluation of a pleural effusion	95	CS95-CN55	2018	feces metagenome	not applicable	2016-12/2017-10	not applicable	not applicable	ENVO:00002003	USA:North Carolina:Raleigh	35.798 N 78.704 W	Canis lupus familiaris	not applicable
CS96_CN56	Canine	American Cocker Spaniel	12 years	12	Female	Yes	Treated	metronidazole & Enrofloxacin	Nitroimidazole, Quinolones	GI condition	Negative	Negative	Negative	diarrhea and lethargy	96	CS96-CN56	2018	feces metagenome	not applicable	2016-12/2017-10	not applicable	not applicable	ENVO:00002003	USA:North Carolina:Raleigh	35.798 N 78.704 W	Canis lupus familiaris	not applicable
CS97_EQ27	Equine	Donkey	1 year	1	Female	No	Treated	potassium penicillin and enrofloxacin	NA	GI condition	Positive	Non-toxigenic	F010	colic	97	CS97-EQ27	2018	feces metagenome	not applicable	2016-12/2017-10	not applicable	not applicable	ENVO:00002003	USA:North Carolina:Raleigh	35.798 N 78.704 W	Equus	not applicable
CS98_CN57	Canine	Chow Chow	16 years	16	Female	Yes	Treated	Unasyn	β-Lactams	Healthy	Positive	Toxigenic	Not in database	anorexia, anemia	98	CS98-CN57	2018	feces metagenome	not applicable	2016-12/2017-10	not applicable	not applicable	ENVO:00002003	USA:North Carolina:Raleigh	35.798 N 78.704 W	Canis lupus familiaris	not applicable
CS99_CN58	Canine	Black and Tan Coonhound	1 year	1	Male	No	Treated	metronidazole	Nitroimidazole	Healthy	Negative	Negative	Negative	regurgitation ; diagnosis; foreign material in stomach	99	CS99-CN58	2018	feces metagenome	not applicable	2016-12/2017-10	not applicable	not applicable	ENVO:00002003	USA:North Carolina:Raleigh	35.798 N 78.704 W	Canis lupus familiaris	not applicable
CS100_CN59	Canine	Black and Tan Coonhound	1 year	1	Male	No	Treated	metronidazole	Nitroimidazole	Healthy	Negative	Negative	Negative	regurgitation ; diagnosis; foreign material in stomach	100	CS100-CN59	2018	feces metagenome	not applicable	2016-12/2017-10	not applicable	not applicable	ENVO:00002003	USA:North Carolina:Raleigh	35.798 N 78.704 W	Canis lupus familiaris	not applicable
CS101_CN60	Canine	Chow Chow	7 years	7	Female	Yes	Non-treated	none reported	Non-treated	GI condition	Negative	Negative	Negative	Change in urine and bowel patterns	101	CS101-CN60	2018	feces metagenome	not applicable	2016-12/2017-10	not applicable	not applicable	ENVO:00002003	USA:North Carolina:Raleigh	35.798 N 78.704 W	Canis lupus familiaris	not applicable
CS102_FL7	Feline	Maine Coon cat	2 years	2	Female	Yes	Non-treated	none reported	NA	GI condition	Negative	Negative	Negative	vomiting and hematochezia, diagnosis; chronic inflammation	102	CS102-FL7	2018	feces metagenome	not applicable	2016-12/2017-10	not applicable	not applicable	ENVO:00002003	USA:North Carolina:Raleigh	35.798 N 78.704 W	Felis catus	not applicable
CS103_CN61	Canine	Labrador Retriever	9 years	9	Male	Yes	Treated	Metronidazole	Nitroimidazole	GI condition	Negative	Negative	Negative	diagnosis:Large Cell Gastrointestinal Lymphoma & hookworm	103	CS103-CN61	2018	feces metagenome	not applicable	2016-12/2017-10	not applicable	not applicable	ENVO:00002003	USA:North Carolina:Raleigh	35.798 N 78.704 W	Canis lupus familiaris	not applicable
CS104_EQ28	Equine	Hanoverian	7 years	7	Female	No	Non-treated	none reported	NA	GI condition	Positive	Non-toxigenic	Not sequenced	colic	104	CS104-EQ28	2018	feces metagenome	not applicable	2016-12/2017-10	not applicable	not applicable	ENVO:00002003	USA:North Carolina:Raleigh	35.798 N 78.704 W	Equus	not applicable
CS105_EQ29	Equine	Arabian	4 days	0.010958904109589041	Female	No	Treated	amikacin, ampicillin, and metronizadole	NA	GI condition	Negative	Negative	Negative	hemorrhagic diarrhea, diagnosis;Clostridium difficile	105	CS105-EQ29	2018	feces metagenome	not applicable	2016-12/2017-10	not applicable	not applicable	ENVO:00002003	USA:North Carolina:Raleigh	35.798 N 78.704 W	Equus	not applicable
CS106_CN62	Canine	NA	NA	NA	not collected	Not known	Not known	NA	NA	Not known	Negative	Negative	Negative	NA	106	CS106-CN62	2018	feces metagenome	not applicable	2016-12/2017-10	not applicable	not applicable	ENVO:00002003	USA:North Carolina:Raleigh	35.798 N 78.704 W	Canis lupus familiaris	not applicable
CS107_EQ30	Equine	Belgian	4 years	4	Female	No	Non-treated	none reported	NA	GI condition	Negative	Negative	Negative	colic	107	CS107-EQ30	2018	feces metagenome	not applicable	2016-12/2017-10	not applicable	not applicable	ENVO:00002003	USA:North Carolina:Raleigh	35.798 N 78.704 W	Equus	not applicable
CS108_CN63	Canine	Miniature Pinscher	10 years	10	Male	Yes	Treated	metronidazole	Nitroimidazole	Healthy	Positive	Toxigenic	FP313	seizure like activity	108	CS108-CN63	2018	feces metagenome	not applicable	2016-12/2017-10	not applicable	not applicable	ENVO:00002003	USA:North Carolina:Raleigh	35.798 N 78.704 W	Canis lupus familiaris	not applicable
CS109_CN64	Canine	Boykin Spaniel	8 years	8	Female	Yes	Non-treated	none reported	Non-treated	Healthy	Positive	Toxigenic	F014-020	 investigation of an adrenal mass and proteinuria	109	CS109-CN64	2018	feces metagenome	not applicable	2016-12/2017-10	not applicable	not applicable	ENVO:00002003	USA:North Carolina:Raleigh	35.798 N 78.704 W	Canis lupus familiaris	not applicable
CS110_CN65	Equine	Thoroughbred	31 years	31	Male	Yes	Non-treated	none reported	NA	GI condition	Negative	Negative	Negative	colic	110	CS110-CN65	2018	feces metagenome	not applicable	2016-12/2017-10	not applicable	not applicable	ENVO:00002003	USA:North Carolina:Raleigh	35.798 N 78.704 W	Equus	not applicable
CS111_CN66	Canine	Mixed Breed dog	10 years	10	Male	Yes	Non-treated	none reported	Non-treated	GI condition	Positive	Toxigenic	FP310	Vomiting and Nausea, suspect IBD	111	CS111-CN66	2018	feces metagenome	not applicable	2016-12/2017-10	not applicable	not applicable	ENVO:00002003	USA:North Carolina:Raleigh	35.798 N 78.704 W	Canis lupus familiaris	not applicable
CS113_CN67	Canine	French Bulldog	8 months	0.6666666666666666	Male	No	Non-treated	none reported	Non-treated	GI condition	Negative	Negative	Negative	vomiting	113	CS113-CN67	2018	feces metagenome	not applicable	2016-12/2017-10	not applicable	not applicable	ENVO:00002003	USA:North Carolina:Raleigh	35.798 N 78.704 W	Canis lupus familiaris	not applicable
CS114_CN68	Canine	American Staffordshire Terrier	11 years	11	Male	No	Non-treated	none reported	Non-treated	GI condition	Negative	Negative	Negative	diarrhea	114	CS114-CN68	2018	feces metagenome	not applicable	2016-12/2017-10	not applicable	not applicable	ENVO:00002003	USA:North Carolina:Raleigh	35.798 N 78.704 W	Canis lupus familiaris	not applicable
CS115_EQ31	Equine	Quarter Horse	7 years	7	Female	No	Treated	metronidazole	NA	GI condition	Negative	Negative	Negative	diagnosis; Perilaryngeal abscess and Right dorsal colitis	115	CS115-EQ31	2018	feces metagenome	not applicable	2016-12/2017-10	not applicable	not applicable	ENVO:00002003	USA:North Carolina:Raleigh	35.798 N 78.704 W	Equus	not applicable
CS116_CN69	Canine	Hound	11 months	0.9166666666666666	Male	No	Treated	metronidazole	Nitroimidazole	GI condition	Positive	Toxigenic	FP310	rectal mass	116	CS116-CN69	2018	feces metagenome	not applicable	2016-12/2017-10	not applicable	not applicable	ENVO:00002003	USA:North Carolina:Raleigh	35.798 N 78.704 W	Canis lupus familiaris	not applicable
CS117_CN70	Canine	Pointer	3 years	3	Female	Yes	Treated	metronidazole & tylosin	Nitroimidazole, Macrolide	GI condition	Negative	Negative	Negative	vomiting and diarrhea	117	CS117-CN70	2018	feces metagenome	not applicable	2016-12/2017-10	not applicable	not applicable	ENVO:00002003	USA:North Carolina:Raleigh	35.798 N 78.704 W	Canis lupus familiaris	not applicable
CS118_EQ32	Equine	Thoroughbred	19 years	19	Male	Yes	Treated	 Trimethoprim , gentamicin, metronidazole	NA	GI condition	Positive	Toxigenic	FP407	colic	118	CS118-EQ32	2018	feces metagenome	not applicable	2016-12/2017-10	not applicable	not applicable	ENVO:00002003	USA:North Carolina:Raleigh	35.798 N 78.704 W	Equus	not applicable
CS119_CN71	Canine	Beagle	13 years	13	Female	Yes	Treated	doxycyclin	Tetracyclines	Healthy	Negative	Negative	Negative	coughing; diagnosis; Mitral valve endocardiosis	119	CS119-CN71	2018	feces metagenome	not applicable	2016-12/2017-10	not applicable	not applicable	ENVO:00002003	USA:North Carolina:Raleigh	35.798 N 78.704 W	Canis lupus familiaris	not applicable
CS120_CN72	Canine	West Highland White Terrier	6 years	6	Male	Yes	Treated	enrofloxacin	Quinolones	Healthy	Positive	Toxigenic	F106	coughing; diagnosis;  interstitial lung disease	120	CS120-CN72	2018	feces metagenome	not applicable	2016-12/2017-10	not applicable	not applicable	ENVO:00002003	USA:North Carolina:Raleigh	35.798 N 78.704 W	Canis lupus familiaris	not applicable
CS121_EQ33	Equine	Arabian	6 years	6	Male	Yes	Non-treated	none reported	NA	GI condition	Negative	Negative	Negative	colic	121	CS121-EQ33	2018	feces metagenome	not applicable	2016-12/2017-10	not applicable	not applicable	ENVO:00002003	USA:North Carolina:Raleigh	35.798 N 78.704 W	Equus	not applicable
CS122_CN73	Canine	Cavalier King Charles Spaniel	10 years	10	Female	Yes	Treated	metronidazole	Nitroimidazole	GI condition	Positive	Non-toxigenic	F010	diarrhea & hyporexia diagnosis; Suspected IBD	122	CS122-CN73	2018	feces metagenome	not applicable	2016-12/2017-10	not applicable	not applicable	ENVO:00002003	USA:North Carolina:Raleigh	35.798 N 78.704 W	Canis lupus familiaris	not applicable
CS123_CN74	Canine	Australian Sheperd	6 years	6	Male	Yes	Non-treated	none reported	Non-treated	GI condition	Negative	Negative	Negative	elevated ALP and diarrhea	123	CS123-CN74	2018	feces metagenome	not applicable	2016-12/2017-10	not applicable	not applicable	ENVO:00002003	USA:North Carolina:Raleigh	35.798 N 78.704 W	Canis lupus familiaris	not applicable
CS124_CN75	Canine	Chihuahua	5 years	5	Female	Yes	Non-treated	none reported	Non-treated	Healthy	Negative	Negative	Negative	recheck of panhypoproteinemia, bicavitary effusion, chronic hyporexia	124	CS124-CN75	2018	feces metagenome	not applicable	2016-12/2017-10	not applicable	not applicable	ENVO:00002003	USA:North Carolina:Raleigh	35.798 N 78.704 W	Canis lupus familiaris	not applicable
CS125_CN76	Canine	Beagle	13 years	13	Female	Yes	Non-treated	none reported	Non-treated	Healthy	Negative	Negative	Negative	cough; diagnosis- mitral valve endocardiosis	125	CS125-CN76	2018	feces metagenome	not applicable	2016-12/2017-10	not applicable	not applicable	ENVO:00002003	USA:North Carolina:Raleigh	35.798 N 78.704 W	Canis lupus familiaris	not applicable
CS126_CN77	Canine	French Bulldog	12 years	12	Female	Yes	Treated	clavamox, metronidazole	β-Lactams, Nitroimidazole	GI condition	Negative	Negative	Negative	bloody diarrhea, adrenal mass	126	CS126-CN77	2018	feces metagenome	not applicable	2016-12/2017-10	not applicable	not applicable	ENVO:00002003	USA:North Carolina:Raleigh	35.798 N 78.704 W	Canis lupus familiaris	not applicable
CS127_CN78	Canine	Rat Terrier	7 years	7	Female	Yes	Non-treated	none reported	Non-treated	GI condition	Negative	Negative	Negative	protein losing enteropathy	127	CS127-CN78	2018	feces metagenome	not applicable	2016-12/2017-10	not applicable	not applicable	ENVO:00002003	USA:North Carolina:Raleigh	35.798 N 78.704 W	Canis lupus familiaris	not applicable
CS128_EQ34	Equine	Quarter Horse	2 days	0.005479452054794521	Male	No	Treated	Ceftiofur, metronidazole, potassium penicillin	NA	GI condition	Negative	Negative	Negative	diarrhea and reluctance to nurse	128	CS128-EQ34	2018	feces metagenome	not applicable	2016-12/2017-10	not applicable	not applicable	ENVO:00002003	USA:North Carolina:Raleigh	35.798 N 78.704 W	Equus	not applicable
CS129_EQ35	Equine	Selle Francais horse	14 years	14	Male	Yes	Non-treated	none reported	NA	GI condition	Negative	Negative	Negative	colic	129	CS129-EQ35	2018	feces metagenome	not applicable	2016-12/2017-10	not applicable	not applicable	ENVO:00002003	USA:North Carolina:Raleigh	35.798 N 78.704 W	Equus	not applicable
CS130_CN79	Canine	West Highland White Terrier	14 years	14	Male	Yes	Treated	doxycycline	Tetracyclines	GI condition	Positive	Toxigenic	FP313	lethargic and sleeping more, initial exam found matted fecal material (diarrhea)	130	CS130-CN79	2018	feces metagenome	not applicable	2016-12/2017-10	not applicable	not applicable	ENVO:00002003	USA:North Carolina:Raleigh	35.798 N 78.704 W	Canis lupus familiaris	not applicable
CS131_CN80	Canine	American Staffordshire Terrier	12 years	12	Female	Yes	Treated	tylosin	Macrolide	GI condition	Negative	Negative	Negative	Diagnosed with ITP in 2016; Hospitalized for diarrhea, inappetance, vomiting, weakness and lethargy	131	CS131-CN80	2018	feces metagenome	not applicable	2016-12/2017-10	not applicable	not applicable	ENVO:00002003	USA:North Carolina:Raleigh	35.798 N 78.704 W	Canis lupus familiaris	not applicable
CS132_CN81	Canine	Mixed Breed dog	8 years	8	Male	Yes	Non-treated	none reported	Non-treated	GI condition	Negative	Negative	Negative	diarrhea, vomitting, distention of the duodenum	132	CS132-CN81	2018	feces metagenome	not applicable	2016-12/2017-10	not applicable	not applicable	ENVO:00002003	USA:North Carolina:Raleigh	35.798 N 78.704 W	Canis lupus familiaris	not applicable
CS133_EQ36	Equine	Paint	9 years	9	Female	No	Non-treated	none reported	NA	Healthy	Negative	Negative	Negative	Fever of unknown origin, leukopenia, hypoproteinemia	133	CS133-EQ36	2018	feces metagenome	not applicable	2016-12/2017-10	not applicable	not applicable	ENVO:00002003	USA:North Carolina:Raleigh	35.798 N 78.704 W	Equus	not applicable
CS134_EQ37	Equine	Quarter Horse	2 months	0.16666666666666666	Female	No	Treated	 Trimethoprim Sulfa	NA	Healthy	Negative	Negative	Negative	traumatic eye injury resulting in eye removal	134	CS134-EQ37	2018	feces metagenome	not applicable	2016-12/2017-10	not applicable	not applicable	ENVO:00002003	USA:North Carolina:Raleigh	35.798 N 78.704 W	Equus	not applicable
CS135_EQ38	Equine	Quarter Horse	7 years	7	Male	Yes	Treated	 Trimethoprim Sulfa	NA	Healthy	Negative	Negative	Negative	right-sided laryngeal hemiplegia	135	CS135-EQ38	2018	feces metagenome	not applicable	2016-12/2017-10	not applicable	not applicable	ENVO:00002003	USA:North Carolina:Raleigh	35.798 N 78.704 W	Equus	not applicable
CS136_EQ39	Equine	NA	NA	NA	not collected	Not known	Not known	No discharge available	NA	Healthy	Negative	Negative	Negative	Routine wellness exam	136	CS136-EQ39	2018	feces metagenome	not applicable	2016-12/2017-10	not applicable	not applicable	ENVO:00002003	USA:North Carolina:Raleigh	35.798 N 78.704 W	Equus	not applicable
CS137_EQ40	Equine	NA	NA	NA	not collected	Not known	Not known	No discharge available	NA	Healthy	Negative	Negative	Negative	Routine wellness exam	137	CS137-EQ40	2018	feces metagenome	not applicable	2016-12/2017-10	not applicable	not applicable	ENVO:00002003	USA:North Carolina:Raleigh	35.798 N 78.704 W	Equus	not applicable
CS138_EQ41	Equine	Appaloosa	16 years	16	Male	Yes	Treated	NeoPolyGram ophthalmic solution, Ofloxacin,  Metronidazole,	NA	Healthy	Negative	Negative	Negative	glaucoma	138	CS138-EQ41	2018	feces metagenome	not applicable	2016-12/2017-10	not applicable	not applicable	ENVO:00002003	USA:North Carolina:Raleigh	35.798 N 78.704 W	Equus	not applicable
CS139_EQ42	Equine	Donkey	1 month	0.08333333333333333	Male	No	Treated	Chloramphenicol	NA	GI condition	Positive	Toxigenic	F078-126	diarrhea and lethargy; diagnosis: thrombocytopenia, metabolic acidosis	139	CS139-EQ42	2018	feces metagenome	not applicable	2016-12/2017-10	not applicable	not applicable	ENVO:00002003	USA:North Carolina:Raleigh	35.798 N 78.704 W	Equus	not applicable
CS140_EQ43	Equine	National Spotted Saddle Horse	7 years	7	Female	No	Treated	Metronidazole	NA	Healthy	Negative	Negative	Negative	colic, fever, and lethargy	140	CS140-EQ43	2018	feces metagenome	not applicable	2016-12/2017-10	not applicable	not applicable	ENVO:00002003	USA:North Carolina:Raleigh	35.798 N 78.704 W	Equus	not applicable
CS141_EQ44	Equine	NA	NA	NA	not collected	Not known	Not known	No discharge available	NA	Healthy	Negative	Negative	Negative	Routine wellness exam	141	CS141-EQ44	2018	feces metagenome	not applicable	2016-12/2017-10	not applicable	not applicable	ENVO:00002003	USA:North Carolina:Raleigh	35.798 N 78.704 W	Equus	not applicable
CS142_EQ45	Equine	Thoroughbred	9 days	0.024657534246575342	Female	No	Treated	Chloramphenicol	NA	GI condition	Negative	Negative	Negative	colic, dull mentation, and watery diarrhea; diagnosis for diarrhea:  Clostridium perfringens enterocolitis	142	CS142-EQ45	2018	feces metagenome	not applicable	2016-12/2017-10	not applicable	not applicable	ENVO:00002003	USA:North Carolina:Raleigh	35.798 N 78.704 W	Equus	not applicable
CS143_CN82	Canine	German Sheperd	3 years	3	Female	Yes	Non-treated	none reported	Non-treated	GI condition	Negative	Negative	Negative	chronic diarrhea and weight loss	143	CS143-CN82	2018	feces metagenome	not applicable	2016-12/2017-10	not applicable	not applicable	ENVO:00002003	USA:North Carolina:Raleigh	35.798 N 78.704 W	Canis lupus familiaris	not applicable
CS144_CN83	Canine	Hound	2 years	2	Male	Yes	Non-treated	None Reported	Non-treated	Healthy	Negative	Negative	Negative	annual wellness exam	144	CS144-CN83	2018	feces metagenome	not applicable	2016-12/2017-10	not applicable	not applicable	ENVO:00002003	USA:North Carolina:Raleigh	35.798 N 78.704 W	Canis lupus familiaris	not applicable
CS145_EQ46	Equine	Appaloosa	16 years	16	Male	Yes	Treated	metronidazole	NA	Healthy	Negative	Negative	Negative	glaucoma	145	CS145-EQ46	2018	feces metagenome	not applicable	2016-12/2017-10	not applicable	not applicable	ENVO:00002003	USA:North Carolina:Raleigh	35.798 N 78.704 W	Equus	not applicable
CS146_EQ47	Equine	Walking Horse	NA	NA	Male	Yes	Treated	Enrofloxacin.	NA	GI condition	Positive	Toxigenic	F002	colic	146	CS146-EQ47	2018	feces metagenome	not applicable	2016-12/2017-10	not applicable	not applicable	ENVO:00002003	USA:North Carolina:Raleigh	35.798 N 78.704 W	Equus	not applicable
CS147_EQ48	Equine	Morgan	25 years	25	not collected	Not known	Non-treated	none reported	NA	GI condition	Negative	Negative	Negative	colic and previously diagnosed gastric ulcers	147	CS147-EQ48	2018	feces metagenome	not applicable	2016-12/2017-10	not applicable	not applicable	ENVO:00002003	USA:North Carolina:Raleigh	35.798 N 78.704 W	Equus	not applicable
CS148_CN84	Canine	Welsh Terrier	7 years	7	Male	Yes	Treated	Cefpodoxime	β-Lactams	GI condition	Negative	Negative	Negative	recheck after history of atopic dermatitis and recent diarrhea	148	CS148-CN84	2018	feces metagenome	not applicable	2016-12/2017-10	not applicable	not applicable	ENVO:00002003	USA:North Carolina:Raleigh	35.798 N 78.704 W	Canis lupus familiaris	not applicable
CS149_CN85	Canine	American Cocker Spaniel	13 years	13	Female	Yes	Treated	Unasyn, Clavamox	β-Lactams	GI condition	Negative	Negative	Negative	diarrhea, poor muscle condition, intestinal muscularis thickening	149	CS149-CN85	2018	feces metagenome	not applicable	2016-12/2017-10	not applicable	not applicable	ENVO:00002003	USA:North Carolina:Raleigh	35.798 N 78.704 W	Canis lupus familiaris	not applicable
CS150_CN86	Equine	Dutch Warmblood horse breed	7 years	7	Male	Yes	Non-treated	none reported	NA	Healthy	Negative	Negative	Negative	persistant, intermittent fevers	150	CS150-CN86	2018	feces metagenome	not applicable	2016-12/2017-10	not applicable	not applicable	ENVO:00002003	USA:North Carolina:Raleigh	35.798 N 78.704 W	Equus	not applicable
CS151_CN87	Canine	Mixed Breed dog	11 years	11	Male	Yes	Treated	Clavamox, Metronidazole, Enrofloxacin	β-Lactams, Nitroimidazole, Quinolones	Healthy	Positive	Non-toxigenic	F087	respiratory distress and coughing	151	CS151-CN87	2018	feces metagenome	not applicable	2016-12/2017-10	not applicable	not applicable	ENVO:00002003	USA:North Carolina:Raleigh	35.798 N 78.704 W	Canis lupus familiaris	not applicable
CS152_FL8	Canine	Maltese	11 years	11	Male	Yes	Treated	Doxycycline	Tetracyclines	Healthy	Negative	Negative	Negative	 Fever and lethargy; diagnosis: Immune Mediated Polyarthritis	152	CS152-FL8	2018	feces metagenome	not applicable	2016-12/2017-10	not applicable	not applicable	ENVO:00002003	USA:North Carolina:Raleigh	35.798 N 78.704 W	Canis lupus familiaris	not applicable
CS153_FL9	Feline	Domestic Shorthair	3 years	3	Male	Yes	Treated	Convenia 	NA	Healthy	Negative	Negative	Negative	wobbly and weak gait; small wound found	153	CS153-FL9	2018	feces metagenome	not applicable	2016-12/2017-10	not applicable	not applicable	ENVO:00002003	USA:North Carolina:Raleigh	35.798 N 78.704 W	Felis catus	not applicable
CS154_CN88	Canine	Cavalier King Charles Spaniel	8 years	8	Male	Yes	Non-treated	none reported	Non-treated	Healthy	Positive	Toxigenic	F106	chronic cough, heart murmur, left atrial enlargement	154	CS154-CN88	2018	feces metagenome	not applicable	2016-12/2017-10	not applicable	not applicable	ENVO:00002003	USA:North Carolina:Raleigh	35.798 N 78.704 W	Canis lupus familiaris	not applicable
CS156_EQ49	Equine	Thoroughbred	24 years	24	Female	No	Treated	penicillin, gentamicin	NA	Healthy	Negative	Negative	Negative	evaluation of wound across the right hind pastern	156	CS156-EQ49	2018	feces metagenome	not applicable	2016-12/2017-10	not applicable	not applicable	ENVO:00002003	USA:North Carolina:Raleigh	35.798 N 78.704 W	Equus	not applicable
CS157_FL11	Feline	American Domestic Shorthair	6 years	6	Male	Yes	Treated	metronidazole	NA	GI condition	Negative	Negative	Negative	pancreatitis, diarrhea, vomitting, and colitis	157	CS157-FL11	2018	feces metagenome	not applicable	2016-12/2017-10	not applicable	not applicable	ENVO:00002003	USA:North Carolina:Raleigh	35.798 N 78.704 W	Felis catus	not applicable
CS158_CN89	Canine	American Staffordshire Terrier	2 years	2	Male	Yes	Not known	No discharge available	NA	Not known	Negative	Negative	Negative	No discharge available	158	CS158-CN89	2018	feces metagenome	not applicable	2016-12/2017-10	not applicable	not applicable	ENVO:00002003	USA:North Carolina:Raleigh	35.798 N 78.704 W	Canis lupus familiaris	not applicable
CS159_EQ50	Equine	Saddlebred	18 years	18	Male	Yes	Treated	k-pen and gentamicin	NA	GI condition	Negative	Negative	Negative	colic; diagnosis: Strangulating lipoma	159	CS159-EQ50	2018	feces metagenome	not applicable	2016-12/2017-10	not applicable	not applicable	ENVO:00002003	USA:North Carolina:Raleigh	35.798 N 78.704 W	Equus	not applicable
CS160_EQ51	Equine	Warm Blood	27 years	27	Male	Yes	Non-treated	none reported	NA	GI condition	Negative	Negative	Negative	colic	160	CS160-EQ51	2018	feces metagenome	not applicable	2016-12/2017-10	not applicable	not applicable	ENVO:00002003	USA:North Carolina:Raleigh	35.798 N 78.704 W	Equus	not applicable
CS161_CN90	Canine	Yorkshire Terrier	11 years	11	Male	Yes	Non-treated	none reported	Non-treated	GI condition	Positive	Non-toxigenic	F010	vomitting, hyporexia, and intermittent soft stool	161	CS161-CN90	2018	feces metagenome	not applicable	2016-12/2017-10	not applicable	not applicable	ENVO:00002003	USA:North Carolina:Raleigh	35.798 N 78.704 W	Canis lupus familiaris	not applicable
CS162_EQ52	Equine	Friesian	7 years	7	Female	No	Treated	Chloramphenicol	NA	Healthy	Negative	Negative	Negative	partial failure of passive transfer of immunity	162	CS162-EQ52	2018	feces metagenome	not applicable	2016-12/2017-10	not applicable	not applicable	ENVO:00002003	USA:North Carolina:Raleigh	35.798 N 78.704 W	Equus	not applicable
CS163_EQ53	Equine	Friesian	7 years	7	Female	No	Non-treated	none reported	NA	GI condition	Positive	Toxigenic	F106	salmonella positive	163	CS163-EQ53	2018	feces metagenome	not applicable	2016-12/2017-10	not applicable	not applicable	ENVO:00002003	USA:North Carolina:Raleigh	35.798 N 78.704 W	Equus	not applicable
CS165_CN91	Canine	Siberian Husky	5 years	5	Male	Yes	Non-treated	none reported	Non-treated	Healthy	Positive	Toxigenic	F014-020	 chronic mucoid left nasal discharge, sneezing, and coughing	165	CS165-CN91	2018	feces metagenome	not applicable	2016-12/2017-10	not applicable	not applicable	ENVO:00002003	USA:North Carolina:Raleigh	35.798 N 78.704 W	Canis lupus familiaris	not applicable
CS166_CN92	Canine	Australian Cattle Dog	1 year	1	Female	No	Non-treated	none reported	Non-treated	Healthy	Negative	Negative	Negative	chronic nasal discharge	166	CS166-CN92	2018	feces metagenome	not applicable	2016-12/2017-10	not applicable	not applicable	ENVO:00002003	USA:North Carolina:Raleigh	35.798 N 78.704 W	Canis lupus familiaris	not applicable
CS167_FL13	Feline	Domestic Shorthair	3 years	3	Male	Yes	Non-treated	none reported	NA	Healthy	Negative	Negative	Negative	weight and hair loss	167	CS167-FL13	2018	feces metagenome	not applicable	2016-12/2017-10	not applicable	not applicable	ENVO:00002003	USA:North Carolina:Raleigh	35.798 N 78.704 W	Felis catus	not applicable
CS168_EQ54	Equine	Quarter Horse	29 years	29	Male	Yes	Not known	No discharge available	NA	Not known	Negative	Negative	Negative	No discharge available	168	CS168-EQ54	2018	feces metagenome	not applicable	2016-12/2017-10	not applicable	not applicable	ENVO:00002003	USA:North Carolina:Raleigh	35.798 N 78.704 W	Equus	not applicable
CS169_CN93	Canine	Mixed Breed dog	15 years	15	Female	Yes	Non-treated	none reported	Non-treated	Healthy	Negative	Negative	Negative	Recheck of swollen left hindlimb, weakness and ataxia in hindlimbs	169	CS169-CN93	2018	feces metagenome	not applicable	2016-12/2017-10	not applicable	not applicable	ENVO:00002003	USA:North Carolina:Raleigh	35.798 N 78.704 W	Canis lupus familiaris	not applicable
CS170_CN94	Canine	Greyhound	3 months	0.25	Female	No	Treated	Cefazolin, Metronidazole	β-Lactams, Nitroimidazole	Healthy	Negative	Negative	Negative	Fever, ataxia, abnormal mentation, abnormal gait	170	CS170-CN94	2018	feces metagenome	not applicable	2016-12/2017-10	not applicable	not applicable	ENVO:00002003	USA:North Carolina:Raleigh	35.798 N 78.704 W	Canis lupus familiaris	not applicable
CS171_FL14	Feline	Domestic Shorthair	8 years	8	Female	Yes	Treated	azithromycin, ciprofloxacin, Clavamox, atovaquone	NA	GI condition	Negative	Negative	Negative	diarrhea and lethargy	171	CS171-FL14	2018	feces metagenome	not applicable	2016-12/2017-10	not applicable	not applicable	ENVO:00002003	USA:North Carolina:Raleigh	35.798 N 78.704 W	Felis catus	not applicable
CS172_EQ55	Equine	Thoroughbred	13 years	13	Male	Yes	Non-treated	none reported	NA	GI condition	Negative	Negative	Negative	colic	172	CS172-EQ55	2018	feces metagenome	not applicable	2016-12/2017-10	not applicable	not applicable	ENVO:00002003	USA:North Carolina:Raleigh	35.798 N 78.704 W	Equus	not applicable
CS173_FL15	Feline	Bengal	17 years	17	Male	Yes	Non-treated	none reported	NA	Healthy	Negative	Negative	Negative	Recheck examination for chronic kidney disease	173	CS173-FL15	2018	feces metagenome	not applicable	2016-12/2017-10	not applicable	not applicable	ENVO:00002003	USA:North Carolina:Raleigh	35.798 N 78.704 W	Felis catus	not applicable
CS174_EQ56	Equine	Shetland Pony	20 years	20	Male	Yes	Non-treated	none reported	NA	GI condition	Negative	Negative	Negative	potential colic	174	CS174-EQ56	2018	feces metagenome	not applicable	2016-12/2017-10	not applicable	not applicable	ENVO:00002003	USA:North Carolina:Raleigh	35.798 N 78.704 W	Equus	not applicable
CS175_EQ57	Equine	Thoroughbred	4 years	4	Male	Yes	Non-treated	none reported	NA	GI condition	Negative	Negative	Negative	colic	175	CS175-EQ57	2018	feces metagenome	not applicable	2016-12/2017-10	not applicable	not applicable	ENVO:00002003	USA:North Carolina:Raleigh	35.798 N 78.704 W	Equus	not applicable
CS176_CN95	Canine	Mixed Breed dog	6 months	0.5	Male	No	Treated	metronidazole	Nitroimidazole	GI condition	Negative	Negative	Negative	 Abdominal distension, hair loss	176	CS176-CN95	2018	feces metagenome	not applicable	2016-12/2017-10	not applicable	not applicable	ENVO:00002003	USA:North Carolina:Raleigh	35.798 N 78.704 W	Canis lupus familiaris	not applicable
CS177_CN96	Canine	French Bulldog	12 years	12	Female	Yes	Treated	marbofloxacin	Quinolones	Healthy	Negative	Negative	Negative	vulvar and ocular discharge	177	CS177-CN96	2018	feces metagenome	not applicable	2016-12/2017-10	not applicable	not applicable	ENVO:00002003	USA:North Carolina:Raleigh	35.798 N 78.704 W	Canis lupus familiaris	not applicable
CS178_CN97	Canine	Australian Sheperd	4 years	4	Female	No	Non-treated	none reported	Non-treated	GI condition	Negative	Negative	Negative	chronic vomitting and diarrhea; diagnosis: giardia	178	CS178-CN97	2018	feces metagenome	not applicable	2016-12/2017-10	not applicable	not applicable	ENVO:00002003	USA:North Carolina:Raleigh	35.798 N 78.704 W	Canis lupus familiaris	not applicable
CS179_CN98	Canine	Labrador Retriever	9 years	9	Male	Yes	Treated	metronidazole post sample	Nitroimidazole	GI condition	Positive	Non-toxigenic	FP310	diarrhea and anemia	179	CS179-CN98	2018	feces metagenome	not applicable	2016-12/2017-10	not applicable	not applicable	ENVO:00002003	USA:North Carolina:Raleigh	35.798 N 78.704 W	Canis lupus familiaris	not applicable
CS180_CN99	Canine	Havanese Dog	6 years	6	Male	Yes	Treated	Metronidazole	Nitroimidazole	GI condition	Negative	Negative	Negative	soft, bloody stool	180	CS180-CN99	2018	feces metagenome	not applicable	2016-12/2017-10	not applicable	not applicable	ENVO:00002003	USA:North Carolina:Raleigh	35.798 N 78.704 W	Canis lupus familiaris	not applicable
CS181_CN100	Canine	West Highland White Terrier	8 years	8	Male	Yes	Treated	Doxycycline	Tetracyclines	Healthy	Negative	Negative	Negative	 protein losing nephropathy	181	CS181-CN100	2018	feces metagenome	not applicable	2016-12/2017-10	not applicable	not applicable	ENVO:00002003	USA:North Carolina:Raleigh	35.798 N 78.704 W	Canis lupus familiaris	not applicable
CS182_CN101	Canine	Chow Chow	8 years	8	Female	Yes	Non-treated	none reported	Non-treated	Healthy	Negative	Negative	Negative	recheck and bloodwork for liver tests	182	CS182-CN101	2018	feces metagenome	not applicable	2016-12/2017-10	not applicable	not applicable	ENVO:00002003	USA:North Carolina:Raleigh	35.798 N 78.704 W	Canis lupus familiaris	not applicable
CS183_EQ58	Equine	Walking Horse	3 years	3	Female	No	Non-treated	none reported	NA	GI condition	Negative	Negative	Negative	acute colic	183	CS183-EQ58	2018	feces metagenome	not applicable	2016-12/2017-10	not applicable	not applicable	ENVO:00002003	USA:North Carolina:Raleigh	35.798 N 78.704 W	Equus	not applicable
CS184_EQ59	Equine	Selle Francais horse	18 years	18	Male	Yes	Non-treated	none reported	NA	Healthy	Negative	Negative	Negative	decreased manure output and a history of neutropenia	184	CS184-EQ59	2018	feces metagenome	not applicable	2016-12/2017-10	not applicable	not applicable	ENVO:00002003	USA:North Carolina:Raleigh	35.798 N 78.704 W	Equus	not applicable
CS185_CN102	Canine	Hound	5 years	5	Male	Yes	Treated	Unasyn, Enrofloxacin, Clindamycin	β-Lactams, Quinolones, Lincosamides	Healthy	Positive	Toxigenic	Not in database	Respiratory distress, chronic cough; diagnosis: pneumonia	185	CS185-CN102	2018	feces metagenome	not applicable	2016-12/2017-10	not applicable	not applicable	ENVO:00002003	USA:North Carolina:Raleigh	35.798 N 78.704 W	Canis lupus familiaris	not applicable
CS186_CN103	Canine	Lhasa Apso	15 years	15	not collected	Not known	Non-treated	none reported	Non-treated	GI condition	Positive	Toxigenic	Not sequenced	prolonged sneezing fits with nasal discharge; diagnosis: chronic dry cough, skin allergies, dental disease	186	CS186-CN103	2018	feces metagenome	not applicable	2016-12/2017-10	not applicable	not applicable	ENVO:00002003	USA:North Carolina:Raleigh	35.798 N 78.704 W	Canis lupus familiaris	not applicable
CS187_CN104	Canine	Boston Terrier	11 years	11	Male	Yes	Treated	Metronidazole	Nitroimidazole	GI condition	Negative	Negative	Negative	watery diarrhea and weight loss	187	CS187-CN104	2018	feces metagenome	not applicable	2016-12/2017-10	not applicable	not applicable	ENVO:00002003	USA:North Carolina:Raleigh	35.798 N 78.704 W	Canis lupus familiaris	not applicable
CS188_FL16	Feline	Domestic Shorthair	8 years	8	Male	Yes	Non-treated	none reported	NA	GI condition	Negative	Negative	Negative	chronic diarrhea	188	CS188-FL16	2018	feces metagenome	not applicable	2016-12/2017-10	not applicable	not applicable	ENVO:00002003	USA:North Carolina:Raleigh	35.798 N 78.704 W	Felis catus	not applicable
CS189_FL17	Feline	American Domestic Shorthair	1 year	1	Female	Yes	Non-treated	none reported	NA	Healthy	Negative	Negative	Negative	annual wellness exams	189	CS189-FL17	2018	feces metagenome	not applicable	2016-12/2017-10	not applicable	not applicable	ENVO:00002003	USA:North Carolina:Raleigh	35.798 N 78.704 W	Felis catus	not applicable
CS190_FL18	Feline	American Domestic Shorthair	9 years	9	Female	Yes	Treated	Metronidazole	NA	GI condition	Negative	Negative	Negative	diarrhea	190	CS190-FL18	2018	feces metagenome	not applicable	2016-12/2017-10	not applicable	not applicable	ENVO:00002003	USA:North Carolina:Raleigh	35.798 N 78.704 W	Felis catus	not applicable
CS191_EQ60	Equine	Hanoverian	4 years	4	Female	No	Treated	metronidazole	NA	Healthy	Negative	Negative	Negative	limb edema	191	CS191-EQ60	2018	feces metagenome	not applicable	2016-12/2017-10	not applicable	not applicable	ENVO:00002003	USA:North Carolina:Raleigh	35.798 N 78.704 W	Equus	not applicable
CS192_EQ61	Equine	Rocky Mountain Horse	11 years	11	Male	Yes	Treated	neopolydex	NA	Healthy	Negative	Negative	Negative	cloudiness in left eye; Multiple Congenital Ocular Anomalies	192	CS192-EQ61	2018	feces metagenome	not applicable	2016-12/2017-10	not applicable	not applicable	ENVO:00002003	USA:North Carolina:Raleigh	35.798 N 78.704 W	Equus	not applicable
CS193_CN105	Canine	Chihuahua	12 years	12	Male	No	Non-treated	none reported	Non-treated	Healthy	Negative	Negative	Negative	cough and mild kidney disease	193	CS193-CN105	2018	feces metagenome	not applicable	2016-12/2017-10	not applicable	not applicable	ENVO:00002003	USA:North Carolina:Raleigh	35.798 N 78.704 W	Canis lupus familiaris	not applicable
CS194_CN106	Canine	Labrador Retriever	3 years	3	Female	No	Treated	metronidazole	Nitroimidazole	Healthy	Negative	Negative	Negative	hematemesis, hematochezia, and pain/stiff gait	194	CS194-CN106	2018	feces metagenome	not applicable	2016-12/2017-10	not applicable	not applicable	ENVO:00002003	USA:North Carolina:Raleigh	35.798 N 78.704 W	Canis lupus familiaris	not applicable
CS195_EQ62	Equine	Appendix Quarter Horse	14 years	14	Male	Yes	Not known	No discharge available	NA	Not known	Negative	Negative	Negative	No discharge available	195	CS195-EQ62	2018	feces metagenome	not applicable	2016-12/2017-10	not applicable	not applicable	ENVO:00002003	USA:North Carolina:Raleigh	35.798 N 78.704 W	Equus	not applicable
CS196_EQ63	Equine	Quarter Horse	25 years	25	Male	Yes	Not known	No discharge available	NA	Not known	Negative	Negative	Negative	No discharge available	196	CS196-EQ63	2018	feces metagenome	not applicable	2016-12/2017-10	not applicable	not applicable	ENVO:00002003	USA:North Carolina:Raleigh	35.798 N 78.704 W	Equus	not applicable
CS197_EQ64	Equine	Thoroughbred	20 years	20	Male	Yes	Not known	No discharge available	NA	Not known	Negative	Negative	Negative	SAME CASE	197	CS197-EQ64	2018	feces metagenome	not applicable	2016-12/2017-10	not applicable	not applicable	ENVO:00002003	USA:North Carolina:Raleigh	35.798 N 78.704 W	Equus	not applicable
CS198_CN107	Canine	Labrador Retriever	3 years	3	Female	No	Treated	metronidazole	Nitroimidazole	GI condition	Negative	Negative	Negative	hematemesis, hematochezia, and pain/stiff gait	198	CS198-CN107	2018	feces metagenome	not applicable	2016-12/2017-10	not applicable	not applicable	ENVO:00002003	USA:North Carolina:Raleigh	35.798 N 78.704 W	Canis lupus familiaris	not applicable
CS201_EQ66	Equine	Belgian	13 years	13	Female	No	Not known	No discharge available	NA	Not known	Negative	Negative	Negative	No discharge available	201	CS201-EQ66	2018	feces metagenome	not applicable	2016-12/2017-10	not applicable	not applicable	ENVO:00002003	USA:North Carolina:Raleigh	35.798 N 78.704 W	Equus	not applicable
CS202_EQ67	Equine	Dutch Warmblood	15 years	15	Male	Yes	Not known	No discharge available	NA	Not known	Negative	Negative	Negative	No discharge available	202	CS202-EQ67	2018	feces metagenome	not applicable	2016-12/2017-10	not applicable	not applicable	ENVO:00002003	USA:North Carolina:Raleigh	35.798 N 78.704 W	Equus	not applicable
CS203_EQ68	Equine	Dutch Warmblood	20 years	20	Female	No	Not known	No discharge available	NA	Not known	Negative	Negative	Negative	NA	203	CS203-EQ68	2018	feces metagenome	not applicable	2016-12/2017-10	not applicable	not applicable	ENVO:00002003	USA:North Carolina:Raleigh	35.798 N 78.704 W	Equus	not applicable
CS205_EQ69	Equine	Irish Draught	13 years	13	Male	Yes	Non-treated	none reported	NA	Healthy	Negative	Negative	Negative	 Bilateral Ethmoid Hematoma and Fungal granulomatous rhinitis	205	CS205-EQ69	2018	feces metagenome	not applicable	2016-12/2017-10	not applicable	not applicable	ENVO:00002003	USA:North Carolina:Raleigh	35.798 N 78.704 W	Equus	not applicable
